,Predicted Match-up Score,Actual Match-up Score
Bayonetta,38.18363935650389,76.2
Cloud,3.0004668319215106,70.2
Corrin,16.105390808073633,36.8
Lucas,13.209445274530442,3.5
Mewtwo,-19.428866316954142,44.6
Roy,9.646632374227767,-20.6
Ryu,10.044328492002006,22.0
