,Predicted Match-up Score,Actual Match-up Score
Bayonetta,6.019210354848667,76.2
Cloud,-10.878201392297942,70.2
Corrin,11.882824735861224,36.8
Lucas,-1.6650771141402902,3.5
Mewtwo,-34.03592259076861,44.6
Roy,0.5333111137030144,-20.6
Ryu,-11.103845000500348,22.0
